{
    "aergo":  {
                  "name":  "aergo",
                  "port":  3691,
                  "coins":  1,
                  "fees":  0.5,
                  "hashrate":  821203245,
                  "workers":  37,
                  "estimate_current":  "0.00002305",
                  "estimate_last24h":  "0.00002989",
                  "actual_last24h":  0.031311311475409838,
                  "mbtc_mh_factor":  1,
                  "hashrate_last24h":  737279258.0632
              },
    "allium":  {
                   "name":  "allium",
                   "port":  6433,
                   "coins":  1,
                   "fees":  0.5,
                   "hashrate":  555367809,
                   "workers":  37,
                   "estimate_current":  "0.00003237",
                   "estimate_last24h":  "0.00003110",
                   "actual_last24h":  0.0285,
                   "mbtc_mh_factor":  1,
                   "hashrate_last24h":  489962786.8842
               },
    "balloon":  {
                    "name":  "balloon",
                    "port":  5100,
                    "coins":  1,
                    "fees":  0.5,
                    "hashrate":  693425,
                    "workers":  12,
                    "estimate_current":  "0.00000826",
                    "estimate_last24h":  "0.00000867",
                    "actual_last24h":  0.0062899999999999987,
                    "mbtc_mh_factor":  0.001,
                    "hashrate_last24h":  608890.2526
                },
    "bitcore":  {
                    "name":  "bitcore",
                    "port":  3556,
                    "coins":  1,
                    "fees":  0.5,
                    "hashrate":  451028832,
                    "workers":  7,
                    "estimate_current":  "0.00000637",
                    "estimate_last24h":  "0.00000743",
                    "actual_last24h":  0.0063500000000000006,
                    "mbtc_mh_factor":  1,
                    "hashrate_last24h":  605734457.7684
                },
    "blake2s":  {
                    "name":  "blake2s",
                    "port":  5766,
                    "coins":  5,
                    "fees":  0.5,
                    "hashrate":  112267467273,
                    "workers":  42,
                    "estimate_current":  "0.00001208",
                    "estimate_last24h":  "0.00001070",
                    "actual_last24h":  0.0079016393442622943,
                    "mbtc_mh_factor":  1000,
                    "hashrate_last24h":  275302588487.8
                },
    "c11":  {
                "name":  "c11",
                "port":  3573,
                "coins":  7,
                "fees":  0.5,
                "hashrate":  1970500759,
                "workers":  30,
                "estimate_current":  "0.00000400",
                "estimate_last24h":  "0.00000629",
                "actual_last24h":  0.0054199999999999995,
                "mbtc_mh_factor":  1,
                "hashrate_last24h":  11098519752.326
            },
    "groestl":  {
                    "name":  "groestl",
                    "port":  5333,
                    "coins":  1,
                    "fees":  0.5,
                    "hashrate":  0,
                    "workers":  0,
                    "estimate_current":  "0.00000026",
                    "estimate_last24h":  "0.00000022",
                    "actual_last24h":  0.00021,
                    "mbtc_mh_factor":  1,
                    "hashrate_last24h":  0
                },
    "hmq1725":  {
                    "name":  "hmq1725",
                    "port":  3747,
                    "coins":  5,
                    "fees":  0.5,
                    "hashrate":  431583339,
                    "workers":  25,
                    "estimate_current":  "0.00001479",
                    "estimate_last24h":  "0.00002730",
                    "actual_last24h":  0.017782131147540983,
                    "mbtc_mh_factor":  1,
                    "hashrate_last24h":  677110672.4316
                },
    "hsr":  {
                "name":  "hsr",
                "port":  7433,
                "coins":  1,
                "fees":  0.5,
                "hashrate":  6999139179,
                "workers":  117,
                "estimate_current":  "0.00000708",
                "estimate_last24h":  "0.00001496",
                "actual_last24h":  0.012526065573770491,
                "mbtc_mh_factor":  1,
                "hashrate_last24h":  7292246602.6211
            },
    "keccak":  {
                   "name":  "keccak",
                   "port":  5133,
                   "coins":  2,
                   "fees":  0.5,
                   "hashrate":  45430331501,
                   "workers":  45,
                   "estimate_current":  "0.00015534",
                   "estimate_last24h":  "0.00014692",
                   "actual_last24h":  0.16618999999999998,
                   "mbtc_mh_factor":  1000,
                   "hashrate_last24h":  64720141855.884
               },
    "keccakc":  {
                    "name":  "keccakc",
                    "port":  5134,
                    "coins":  1,
                    "fees":  0.5,
                    "hashrate":  55718095298,
                    "workers":  17,
                    "estimate_current":  "0.00006083",
                    "estimate_last24h":  "0.00013836",
                    "actual_last24h":  0.059009999999999993,
                    "mbtc_mh_factor":  1000,
                    "hashrate_last24h":  48919786003.453
                },
    "lyra2v2":  {
                    "name":  "lyra2v2",
                    "port":  4533,
                    "coins":  12,
                    "fees":  0.5,
                    "hashrate":  97613382464,
                    "workers":  109,
                    "estimate_current":  "0.00000259",
                    "estimate_last24h":  "0.00000339",
                    "actual_last24h":  0.0029700000000000004,
                    "mbtc_mh_factor":  1,
                    "hashrate_last24h":  41596129658.623
                },
    "lyra2z":  {
                   "name":  "lyra2z",
                   "port":  4553,
                   "coins":  12,
                   "fees":  0.5,
                   "hashrate":  8597774476,
                   "workers":  946,
                   "estimate_current":  "0.00006075",
                   "estimate_last24h":  "0.00006832",
                   "actual_last24h":  0.059539999999999996,
                   "mbtc_mh_factor":  1,
                   "hashrate_last24h":  8426604202.2436
               },
    "m7m":  {
                "name":  "m7m",
                "port":  6033,
                "coins":  1,
                "fees":  0.5,
                "hashrate":  1481555,
                "workers":  27,
                "estimate_current":  "0.00018331",
                "estimate_last24h":  "0.00020524",
                "actual_last24h":  0.18880163934426228,
                "mbtc_mh_factor":  1,
                "hashrate_last24h":  1786945.9053
            },
    "myr-gr":  {
                   "name":  "myr-gr",
                   "port":  5433,
                   "coins":  5,
                   "fees":  0.5,
                   "hashrate":  415087629718,
                   "workers":  44,
                   "estimate_current":  "0.00000005",
                   "estimate_last24h":  "0.00000007",
                   "actual_last24h":  7.0000000000000021E-05,
                   "mbtc_mh_factor":  1,
                   "hashrate_last24h":  227735477867.54
               },
    "neoscrypt":  {
                      "name":  "neoscrypt",
                      "port":  4233,
                      "coins":  38,
                      "fees":  0.5,
                      "hashrate":  2033050583,
                      "workers":  424,
                      "estimate_current":  "0.00010297",
                      "estimate_last24h":  "0.00013217",
                      "actual_last24h":  0.12302999999999999,
                      "mbtc_mh_factor":  1,
                      "hashrate_last24h":  2684154874.5699
                  },
    "nist5":  {
                  "name":  "nist5",
                  "port":  3833,
                  "coins":  2,
                  "fees":  0.5,
                  "hashrate":  1096551331990,
                  "workers":  38,
                  "estimate_current":  "0.00001195",
                  "estimate_last24h":  "0.00001338",
                  "actual_last24h":  0.012248852459016394,
                  "mbtc_mh_factor":  1000,
                  "hashrate_last24h":  532498388008.61
              },
    "phi":  {
                "name":  "phi",
                "port":  8333,
                "coins":  2,
                "fees":  0.5,
                "hashrate":  233331028,
                "workers":  7,
                "estimate_current":  "0.00000427",
                "estimate_last24h":  "0.00000452",
                "actual_last24h":  0.00381,
                "mbtc_mh_factor":  1,
                "hashrate_last24h":  241331768.5895
            },
    "phi2":  {
                 "name":  "phi2",
                 "port":  8332,
                 "coins":  1,
                 "fees":  0.5,
                 "hashrate":  210109782,
                 "workers":  19,
                 "estimate_current":  "0.00004158",
                 "estimate_last24h":  "0.00003698",
                 "actual_last24h":  0,
                 "mbtc_mh_factor":  1,
                 "hashrate_last24h":  229375326.2316
             },
    "quark":  {
                  "name":  "quark",
                  "port":  4033,
                  "coins":  3,
                  "fees":  0.5,
                  "hashrate":  37880931686,
                  "workers":  26,
                  "estimate_current":  "0.00015442",
                  "estimate_last24h":  "0.00010329",
                  "actual_last24h":  0.10132918032786885,
                  "mbtc_mh_factor":  1000,
                  "hashrate_last24h":  96275318635.558
              },
    "qubit":  {
                  "name":  "qubit",
                  "port":  4733,
                  "coins":  4,
                  "fees":  0.5,
                  "hashrate":  26171865858,
                  "workers":  34,
                  "estimate_current":  "0.00010108",
                  "estimate_last24h":  "0.00010298",
                  "actual_last24h":  0.0967250819672131,
                  "mbtc_mh_factor":  1000,
                  "hashrate_last24h":  108490817821.92
              },
    "scrypt":  {
                   "name":  "scrypt",
                   "port":  3433,
                   "coins":  56,
                   "fees":  0.5,
                   "hashrate":  137845890627,
                   "workers":  405,
                   "estimate_current":  "0.00068526",
                   "estimate_last24h":  "0.00081556",
                   "actual_last24h":  0.76321311475409837,
                   "mbtc_mh_factor":  1000,
                   "hashrate_last24h":  113456237505.65
               },
    "sha256":  {
                   "name":  "sha256",
                   "port":  3333,
                   "coins":  17,
                   "fees":  0,
                   "hashrate":  1.5246561238494E+15,
                   "workers":  133,
                   "estimate_current":  "0.05797099",
                   "estimate_last24h":  "0.05638938",
                   "actual_last24h":  56.351118032786886,
                   "mbtc_mh_factor":  1000000000,
                   "hashrate_last24h":  1.1803739566117E+15
               },
    "sib":  {
                "name":  "sib",
                "port":  5033,
                "coins":  1,
                "fees":  0.5,
                "hashrate":  0,
                "workers":  2,
                "estimate_current":  "0.00000040",
                "estimate_last24h":  "0.00000047",
                "actual_last24h":  0.00031,
                "mbtc_mh_factor":  1,
                "hashrate_last24h":  929160626.2421
            },
    "skein":  {
                  "name":  "skein",
                  "port":  4933,
                  "coins":  12,
                  "fees":  0.5,
                  "hashrate":  742419571384,
                  "workers":  248,
                  "estimate_current":  "0.00016323",
                  "estimate_last24h":  "0.00020395",
                  "actual_last24h":  0.17673639344262296,
                  "mbtc_mh_factor":  1000,
                  "hashrate_last24h":  721976833931.09
              },
    "skunk":  {
                  "name":  "skunk",
                  "port":  8433,
                  "coins":  2,
                  "fees":  0.5,
                  "hashrate":  925055783,
                  "workers":  6,
                  "estimate_current":  "0.00000158",
                  "estimate_last24h":  "0.00000330",
                  "actual_last24h":  0.0020214754098360657,
                  "mbtc_mh_factor":  1,
                  "hashrate_last24h":  4997268774.4105
              },
    "timetravel":  {
                       "name":  "timetravel",
                       "port":  3555,
                       "coins":  1,
                       "fees":  0.5,
                       "hashrate":  627179758,
                       "workers":  75,
                       "estimate_current":  "0.00000771",
                       "estimate_last24h":  "0.00000422",
                       "actual_last24h":  0.0031608196721311477,
                       "mbtc_mh_factor":  1,
                       "hashrate_last24h":  2370424101.5368
                   },
    "tribus":  {
                   "name":  "tribus",
                   "port":  8533,
                   "coins":  3,
                   "fees":  0.5,
                   "hashrate":  1271944371,
                   "workers":  10,
                   "estimate_current":  "0.00000127",
                   "estimate_last24h":  "0.00000177",
                   "actual_last24h":  0.0013491803278688525,
                   "mbtc_mh_factor":  1,
                   "hashrate_last24h":  1988200658.4421
               },
    "x11":  {
                "name":  "x11",
                "port":  3533,
                "coins":  36,
                "fees":  0.5,
                "hashrate":  16939076137517,
                "workers":  288,
                "estimate_current":  "0.00001571",
                "estimate_last24h":  "0.00002479",
                "actual_last24h":  0.023474426229508197,
                "mbtc_mh_factor":  1000,
                "hashrate_last24h":  4377405630081.5
            },
    "x13":  {
                "name":  "x13",
                "port":  3633,
                "coins":  4,
                "fees":  0.5,
                "hashrate":  39572977460,
                "workers":  22,
                "estimate_current":  "0.00020420",
                "estimate_last24h":  "0.00018662",
                "actual_last24h":  0.17404,
                "mbtc_mh_factor":  1000,
                "hashrate_last24h":  31517223810.442
            },
    "x16r":  {
                 "name":  "x16r",
                 "port":  3636,
                 "coins":  4,
                 "fees":  0.5,
                 "hashrate":  35708357769,
                 "workers":  747,
                 "estimate_current":  "0.00001393",
                 "estimate_last24h":  "0.00001385",
                 "actual_last24h":  0.0139,
                 "mbtc_mh_factor":  1,
                 "hashrate_last24h":  31886116894.41
             },
    "x16s":  {
                 "name":  "x16s",
                 "port":  3663,
                 "coins":  3,
                 "fees":  0.5,
                 "hashrate":  3284447251,
                 "workers":  79,
                 "estimate_current":  "0.00000746",
                 "estimate_last24h":  "0.00000841",
                 "actual_last24h":  0.00729,
                 "mbtc_mh_factor":  1,
                 "hashrate_last24h":  4595759794.2737
             },
    "x17":  {
                "name":  "x17",
                "port":  3737,
                "coins":  3,
                "fees":  0.5,
                "hashrate":  10549858049,
                "workers":  386,
                "estimate_current":  "0.00001199",
                "estimate_last24h":  "0.00001529",
                "actual_last24h":  0.012684918032786888,
                "mbtc_mh_factor":  1,
                "hashrate_last24h":  18426333434.232
            },
    "xevan":  {
                  "name":  "xevan",
                  "port":  3739,
                  "coins":  7,
                  "fees":  0.5,
                  "hashrate":  190353009,
                  "workers":  14,
                  "estimate_current":  "0.00002912",
                  "estimate_last24h":  "0.00003746",
                  "actual_last24h":  0.035410000000000004,
                  "mbtc_mh_factor":  1,
                  "hashrate_last24h":  1646380006.3895
              },
    "yescrypt":  {
                     "name":  "yescrypt",
                     "port":  6233,
                     "coins":  4,
                     "fees":  0.5,
                     "hashrate":  400442,
                     "workers":  203,
                     "estimate_current":  "0.00000904",
                     "estimate_last24h":  "0.00000978",
                     "actual_last24h":  0.0095091803278688509,
                     "mbtc_mh_factor":  0.001,
                     "hashrate_last24h":  282949.5263
                 },
    "yescryptR16":  {
                        "name":  "yescryptR16",
                        "port":  6333,
                        "coins":  2,
                        "fees":  0.5,
                        "hashrate":  141016,
                        "workers":  167,
                        "estimate_current":  "0.00006407",
                        "estimate_last24h":  "0.00005617",
                        "actual_last24h":  0.05138,
                        "mbtc_mh_factor":  0.001,
                        "hashrate_last24h":  204253.1368
                    }
}
