{
    "bitcore":  {
                    "name":  "bitcore",
                    "port":  3556,
                    "coins":  1,
                    "fees":  1,
                    "hashrate":  569455383,
                    "workers":  9,
                    "mbtc_mh_factor":  1,
                    "estimate_current":  "0.00000638",
                    "estimate_last24h":  "0.00000741",
                    "actual_last24h":  0.00636,
                    "hashrate_last24h":  454518451.0313,
                    "estimate_current_in_btc_per_hash_per_day":  "0.000000000006388956",
                    "estimate_last24h_in_btc_per_hash_per_day":  "0.000000000007416187",
                    "actual_last24h_in_btc_per_hash_per_day":  "0.000000000000000000"
                },
    "blake2s":  {
                    "name":  "blake2s",
                    "port":  5766,
                    "coins":  4,
                    "fees":  1,
                    "hashrate":  1404091008825,
                    "workers":  75,
                    "mbtc_mh_factor":  1000,
                    "estimate_current":  "0.00000776",
                    "estimate_last24h":  "0.00001130",
                    "actual_last24h":  0.008792786885245903,
                    "hashrate_last24h":  1322090042465.3,
                    "estimate_current_in_btc_per_hash_per_day":  "0.000000000000007763",
                    "estimate_last24h_in_btc_per_hash_per_day":  "0.000000000000011302",
                    "actual_last24h_in_btc_per_hash_per_day":  "0.000000000000005058"
                },
    "blakecoin":  {
                      "name":  "blakecoin",
                      "port":  5743,
                      "coins":  3,
                      "fees":  1,
                      "hashrate":  2041221,
                      "workers":  3,
                      "mbtc_mh_factor":  1000,
                      "estimate_current":  "0.00000043",
                      "estimate_last24h":  "0.00000048",
                      "actual_last24h":  0.00045,
                      "hashrate_last24h":  2632414088.8229,
                      "estimate_current_in_btc_per_hash_per_day":  "0.000000000000000428",
                      "estimate_last24h_in_btc_per_hash_per_day":  "0.000000000000000484",
                      "actual_last24h_in_btc_per_hash_per_day":  "0.000000000000000000"
                  },
    "c11":  {
                "name":  "c11",
                "port":  3573,
                "coins":  7,
                "fees":  1,
                "hashrate":  1106548502,
                "workers":  17,
                "mbtc_mh_factor":  1,
                "estimate_current":  "0.00000371",
                "estimate_last24h":  "0.00000631",
                "actual_last24h":  0.0055340983606557382,
                "hashrate_last24h":  1885677407.2188,
                "estimate_current_in_btc_per_hash_per_day":  "0.000000000003708926",
                "estimate_last24h_in_btc_per_hash_per_day":  "0.000000000006309550",
                "actual_last24h_in_btc_per_hash_per_day":  "0.000000000005642603"
            },
    "groestl":  {
                    "name":  "groestl",
                    "port":  5333,
                    "coins":  1,
                    "fees":  1,
                    "hashrate":  1535844,
                    "workers":  6,
                    "mbtc_mh_factor":  1,
                    "estimate_current":  "0.00000024",
                    "estimate_last24h":  "0.00000022",
                    "actual_last24h":  0.00022,
                    "hashrate_last24h":  15664699.1458,
                    "estimate_current_in_btc_per_hash_per_day":  "0.000000000000238296",
                    "estimate_last24h_in_btc_per_hash_per_day":  "0.000000000000225076",
                    "actual_last24h_in_btc_per_hash_per_day":  "0.000000000000000000"
                },
    "hmq1725":  {
                    "name":  "hmq1725",
                    "port":  3747,
                    "coins":  4,
                    "fees":  1,
                    "hashrate":  149309809,
                    "workers":  17,
                    "mbtc_mh_factor":  1,
                    "estimate_current":  "0.00001485",
                    "estimate_last24h":  "0.00002251",
                    "actual_last24h":  0.015149999999999999,
                    "hashrate_last24h":  369812481.4375,
                    "estimate_current_in_btc_per_hash_per_day":  "0.000000000014850609",
                    "estimate_last24h_in_btc_per_hash_per_day":  "0.000000000022508572",
                    "actual_last24h_in_btc_per_hash_per_day":  "0.000000000011167143"
                },
    "hsr":  {
                "name":  "hsr",
                "port":  7433,
                "coins":  1,
                "fees":  1,
                "hashrate":  2126132965,
                "workers":  31,
                "mbtc_mh_factor":  1,
                "estimate_current":  "0.00000605",
                "estimate_last24h":  "0.00001058",
                "actual_last24h":  0.0075,
                "hashrate_last24h":  2280688565.4792,
                "estimate_current_in_btc_per_hash_per_day":  "0.000000000006050684",
                "estimate_last24h_in_btc_per_hash_per_day":  "0.000000000010585967",
                "actual_last24h_in_btc_per_hash_per_day":  "0.000000000013492605"
            },
    "keccak":  {
                   "name":  "keccak",
                   "port":  5133,
                   "coins":  2,
                   "fees":  1,
                   "hashrate":  505741905298,
                   "workers":  176,
                   "mbtc_mh_factor":  1000,
                   "estimate_current":  "0.00015163",
                   "estimate_last24h":  "0.00014635",
                   "actual_last24h":  0.17296,
                   "hashrate_last24h":  414133214015.96,
                   "estimate_current_in_btc_per_hash_per_day":  "0.000000000000151627",
                   "estimate_last24h_in_btc_per_hash_per_day":  "0.000000000000146344",
                   "actual_last24h_in_btc_per_hash_per_day":  "0.000000000000095313"
               },
    "keccakc":  {
                    "name":  "keccakc",
                    "port":  5134,
                    "coins":  1,
                    "fees":  1,
                    "hashrate":  32034614851,
                    "workers":  13,
                    "mbtc_mh_factor":  1000,
                    "estimate_current":  "0.00014792",
                    "estimate_last24h":  "0.00014297",
                    "actual_last24h":  0.11030213114754096,
                    "hashrate_last24h":  100328669122.44,
                    "estimate_current_in_btc_per_hash_per_day":  "0.000000000000147921",
                    "estimate_last24h_in_btc_per_hash_per_day":  "0.000000000000142968",
                    "actual_last24h_in_btc_per_hash_per_day":  "0.000000000000152554"
                },
    "lbry":  {
                 "name":  "lbry",
                 "port":  3334,
                 "coins":  1,
                 "fees":  1,
                 "hashrate":  81496717891,
                 "workers":  46,
                 "mbtc_mh_factor":  1000,
                 "estimate_current":  "0.00000977",
                 "estimate_last24h":  "0.00001173",
                 "actual_last24h":  0.0143,
                 "hashrate_last24h":  90384815374.76,
                 "estimate_current_in_btc_per_hash_per_day":  "0.000000000000009767",
                 "estimate_last24h_in_btc_per_hash_per_day":  "0.000000000000011733",
                 "actual_last24h_in_btc_per_hash_per_day":  "0.000000000000000000"
             },
    "lyra2v2":  {
                    "name":  "lyra2v2",
                    "port":  4533,
                    "coins":  10,
                    "fees":  1,
                    "hashrate":  84121802136,
                    "workers":  222,
                    "mbtc_mh_factor":  1,
                    "estimate_current":  "0.00000263",
                    "estimate_last24h":  "0.00000363",
                    "actual_last24h":  0.0028499999999999997,
                    "hashrate_last24h":  149370915775.81,
                    "estimate_current_in_btc_per_hash_per_day":  "0.000000000002624943",
                    "estimate_last24h_in_btc_per_hash_per_day":  "0.000000000003631261",
                    "actual_last24h_in_btc_per_hash_per_day":  "0.000000000001558716"
                },
    "lyra2z":  {
                   "name":  "lyra2z",
                   "port":  4553,
                   "coins":  6,
                   "fees":  1,
                   "hashrate":  4161979708,
                   "workers":  219,
                   "mbtc_mh_factor":  1,
                   "estimate_current":  "0.00006096",
                   "estimate_last24h":  "0.00006915",
                   "actual_last24h":  0.059149999999999994,
                   "hashrate_last24h":  5223008951.0729,
                   "estimate_current_in_btc_per_hash_per_day":  "0.000000000060967687",
                   "estimate_last24h_in_btc_per_hash_per_day":  "0.000000000069155820",
                   "actual_last24h_in_btc_per_hash_per_day":  "0.000000000041206546"
               },
    "m7m":  {
                "name":  "m7m",
                "port":  6033,
                "coins":  1,
                "fees":  1,
                "hashrate":  3090830,
                "workers":  61,
                "mbtc_mh_factor":  1,
                "estimate_current":  "0.00000186",
                "estimate_last24h":  "0.00000207",
                "actual_last24h":  0.022674098360655728,
                "hashrate_last24h":  2712553.5521,
                "estimate_current_in_btc_per_hash_per_day":  "0.000000000001864035",
                "estimate_last24h_in_btc_per_hash_per_day":  "0.000000000002070341",
                "actual_last24h_in_btc_per_hash_per_day":  "0.000000000212917984"
            },
    "myr-gr":  {
                   "name":  "myr-gr",
                   "port":  5433,
                   "coins":  7,
                   "fees":  1,
                   "hashrate":  351843721,
                   "workers":  3,
                   "mbtc_mh_factor":  1,
                   "estimate_current":  "0.00000005",
                   "estimate_last24h":  "0.00000009",
                   "actual_last24h":  8E-05,
                   "hashrate_last24h":  5060349556.8854,
                   "estimate_current_in_btc_per_hash_per_day":  "0.000000000000052601",
                   "estimate_last24h_in_btc_per_hash_per_day":  "0.000000000000099366",
                   "actual_last24h_in_btc_per_hash_per_day":  "0.000000000000036393"
               },
    "neoscrypt":  {
                      "name":  "neoscrypt",
                      "port":  4233,
                      "coins":  34,
                      "fees":  1,
                      "hashrate":  911617992,
                      "workers":  192,
                      "mbtc_mh_factor":  1,
                      "estimate_current":  "0.00010737",
                      "estimate_last24h":  "0.00012509",
                      "actual_last24h":  0.11825786885245902,
                      "hashrate_last24h":  2083010413.3854,
                      "estimate_current_in_btc_per_hash_per_day":  "0.000000000107377904",
                      "estimate_last24h_in_btc_per_hash_per_day":  "0.000000000125085699",
                      "actual_last24h_in_btc_per_hash_per_day":  "0.000000000099225272"
                  },
    "nist5":  {
                  "name":  "nist5",
                  "port":  3833,
                  "coins":  4,
                  "fees":  1,
                  "hashrate":  13361734426,
                  "workers":  67,
                  "mbtc_mh_factor":  1000,
                  "estimate_current":  "0.00001354",
                  "estimate_last24h":  "0.00001289",
                  "actual_last24h":  0.012445245901639344,
                  "hashrate_last24h":  91923482473.125,
                  "estimate_current_in_btc_per_hash_per_day":  "0.000000000000013547",
                  "estimate_last24h_in_btc_per_hash_per_day":  "0.000000000000012895",
                  "actual_last24h_in_btc_per_hash_per_day":  "0.000000000000012172"
              },
    "phi":  {
                "name":  "phi",
                "port":  8333,
                "coins":  2,
                "fees":  1,
                "hashrate":  1923441661,
                "workers":  24,
                "mbtc_mh_factor":  1,
                "estimate_current":  "0.00000500",
                "estimate_last24h":  "0.00000501",
                "actual_last24h":  0.00419,
                "hashrate_last24h":  2630835373.3854,
                "estimate_current_in_btc_per_hash_per_day":  "0.000000000004996305",
                "estimate_last24h_in_btc_per_hash_per_day":  "0.000000000005011819",
                "actual_last24h_in_btc_per_hash_per_day":  "0.000000000005465674"
            },
    "phi2":  {
                 "name":  "phi2",
                 "port":  8332,
                 "coins":  1,
                 "fees":  1,
                 "hashrate":  106858750,
                 "workers":  3,
                 "mbtc_mh_factor":  1,
                 "estimate_current":  "0.00004457",
                 "estimate_last24h":  "0.00003677",
                 "actual_last24h":  0.038380000000000004,
                 "hashrate_last24h":  43166936.6563,
                 "estimate_current_in_btc_per_hash_per_day":  "0.000000000044568485",
                 "estimate_last24h_in_btc_per_hash_per_day":  "0.000000000036774637",
                 "actual_last24h_in_btc_per_hash_per_day":  "0.000000000000000000"
             },
    "quark":  {
                  "name":  "quark",
                  "port":  4033,
                  "coins":  5,
                  "fees":  1,
                  "hashrate":  9148141985,
                  "workers":  3,
                  "mbtc_mh_factor":  1000,
                  "estimate_current":  "0.00011163",
                  "estimate_last24h":  "0.00011163",
                  "actual_last24h":  0.11780000000000007,
                  "hashrate_last24h":  6818808887.5417,
                  "estimate_current_in_btc_per_hash_per_day":  "0.000000000000111630",
                  "estimate_last24h_in_btc_per_hash_per_day":  "0.000000000000111630",
                  "actual_last24h_in_btc_per_hash_per_day":  "0.000000000000266503"
              },
    "qubit":  {
                  "name":  "qubit",
                  "port":  4733,
                  "coins":  3,
                  "fees":  1,
                  "hashrate":  20583004274,
                  "workers":  6,
                  "mbtc_mh_factor":  1000,
                  "estimate_current":  "0.00016168",
                  "estimate_last24h":  "0.00011507",
                  "actual_last24h":  0.10532999999999999,
                  "hashrate_last24h":  23277610404.979,
                  "estimate_current_in_btc_per_hash_per_day":  "0.000000000000161679",
                  "estimate_last24h_in_btc_per_hash_per_day":  "0.000000000000115074",
                  "actual_last24h_in_btc_per_hash_per_day":  "0.000000000000027973"
              },
    "scrypt":  {
                   "name":  "scrypt",
                   "port":  3433,
                   "coins":  19,
                   "fees":  1,
                   "hashrate":  63522087998,
                   "workers":  205,
                   "mbtc_mh_factor":  1000,
                   "estimate_current":  "0.00088485",
                   "estimate_last24h":  "0.00084833",
                   "actual_last24h":  0.75722311475409843,
                   "hashrate_last24h":  71944808630.594,
                   "estimate_current_in_btc_per_hash_per_day":  "0.000000000000884848",
                   "estimate_last24h_in_btc_per_hash_per_day":  "0.000000000000848326",
                   "actual_last24h_in_btc_per_hash_per_day":  "0.000000000000641771"
               },
    "sib":  {
                "name":  "sib",
                "port":  5033,
                "coins":  1,
                "fees":  1,
                "hashrate":  860775,
                "workers":  3,
                "mbtc_mh_factor":  1,
                "estimate_current":  "0.00000016",
                "estimate_last24h":  "0.00000019",
                "actual_last24h":  0.00013,
                "hashrate_last24h":  4335130.0104,
                "estimate_current_in_btc_per_hash_per_day":  "0.000000000000162392",
                "estimate_last24h_in_btc_per_hash_per_day":  "0.000000000000188722",
                "actual_last24h_in_btc_per_hash_per_day":  "0.000000000000000000"
            },
    "skein":  {
                  "name":  "skein",
                  "port":  4933,
                  "coins":  11,
                  "fees":  1,
                  "hashrate":  1119545169439,
                  "workers":  513,
                  "mbtc_mh_factor":  1000,
                  "estimate_current":  "0.00013014",
                  "estimate_last24h":  "0.00020451",
                  "actual_last24h":  0.17970803278688527,
                  "hashrate_last24h":  1128022686296.9,
                  "estimate_current_in_btc_per_hash_per_day":  "0.000000000000130138",
                  "estimate_last24h_in_btc_per_hash_per_day":  "0.000000000000204513",
                  "actual_last24h_in_btc_per_hash_per_day":  "0.000000000000168819"
              },
    "skunk":  {
                  "name":  "skunk",
                  "port":  8433,
                  "coins":  2,
                  "fees":  1,
                  "hashrate":  39435817,
                  "workers":  5,
                  "mbtc_mh_factor":  1,
                  "estimate_current":  "0.00000196",
                  "estimate_last24h":  "0.00000230",
                  "actual_last24h":  0.0021265573770491808,
                  "hashrate_last24h":  1391263373.1979,
                  "estimate_current_in_btc_per_hash_per_day":  "0.000000000001963975",
                  "estimate_last24h_in_btc_per_hash_per_day":  "0.000000000002295571",
                  "actual_last24h_in_btc_per_hash_per_day":  "0.000000000002525662"
              },
    "timetravel":  {
                       "name":  "timetravel",
                       "port":  3555,
                       "coins":  1,
                       "fees":  1,
                       "hashrate":  582741119,
                       "workers":  18,
                       "mbtc_mh_factor":  1,
                       "estimate_current":  "0.00000773",
                       "estimate_last24h":  "0.00000411",
                       "actual_last24h":  0.003571639344262295,
                       "hashrate_last24h":  1429433068.0313,
                       "estimate_current_in_btc_per_hash_per_day":  "0.000000000007729661",
                       "estimate_last24h_in_btc_per_hash_per_day":  "0.000000000004110263",
                       "actual_last24h_in_btc_per_hash_per_day":  "0.000000000003580182"
                   },
    "tribus":  {
                   "name":  "tribus",
                   "port":  8533,
                   "coins":  3,
                   "fees":  1,
                   "hashrate":  6765984073,
                   "workers":  21,
                   "mbtc_mh_factor":  1,
                   "estimate_current":  "0.00000065",
                   "estimate_last24h":  "0.00000161",
                   "actual_last24h":  0.00128,
                   "hashrate_last24h":  7557423843.25,
                   "estimate_current_in_btc_per_hash_per_day":  "0.000000000000653053",
                   "estimate_last24h_in_btc_per_hash_per_day":  "0.000000000001607304",
                   "actual_last24h_in_btc_per_hash_per_day":  "0.000000000000541526"
               },
    "x11":  {
                "name":  "x11",
                "port":  3533,
                "coins":  12,
                "fees":  1,
                "hashrate":  230780160593,
                "workers":  14,
                "mbtc_mh_factor":  1000,
                "estimate_current":  "0.00001837",
                "estimate_last24h":  "0.00002259",
                "actual_last24h":  0.020678360655737707,
                "hashrate_last24h":  245098550765.4,
                "estimate_current_in_btc_per_hash_per_day":  "0.000000000000018370",
                "estimate_last24h_in_btc_per_hash_per_day":  "0.000000000000022584",
                "actual_last24h_in_btc_per_hash_per_day":  "0.000000000000027692"
            },
    "x16r":  {
                 "name":  "x16r",
                 "port":  3636,
                 "coins":  3,
                 "fees":  1,
                 "hashrate":  7185810994,
                 "workers":  201,
                 "mbtc_mh_factor":  1,
                 "estimate_current":  "0.00001374",
                 "estimate_last24h":  "0.00001390",
                 "actual_last24h":  0.01372,
                 "hashrate_last24h":  5038170729.3438,
                 "estimate_current_in_btc_per_hash_per_day":  "0.000000000013744953",
                 "estimate_last24h_in_btc_per_hash_per_day":  "0.000000000013897240",
                 "actual_last24h_in_btc_per_hash_per_day":  "0.000000000004886667"
             },
    "x16s":  {
                 "name":  "x16s",
                 "port":  3663,
                 "coins":  2,
                 "fees":  1,
                 "hashrate":  443412413,
                 "workers":  17,
                 "mbtc_mh_factor":  1,
                 "estimate_current":  "0.00000762",
                 "estimate_last24h":  "0.00000901",
                 "actual_last24h":  0.0074200000000000012,
                 "hashrate_last24h":  893332330.9792,
                 "estimate_current_in_btc_per_hash_per_day":  "0.000000000007618730",
                 "estimate_last24h_in_btc_per_hash_per_day":  "0.000000000009005401",
                 "actual_last24h_in_btc_per_hash_per_day":  "0.000000000013954331"
             },
    "x17":  {
                "name":  "x17",
                "port":  3737,
                "coins":  3,
                "fees":  1,
                "hashrate":  28782692869,
                "workers":  499,
                "mbtc_mh_factor":  1,
                "estimate_current":  "0.00001471",
                "estimate_last24h":  "0.00001418",
                "actual_last24h":  0.012493934426229508,
                "hashrate_last24h":  27578408472.323,
                "estimate_current_in_btc_per_hash_per_day":  "0.000000000014715749",
                "estimate_last24h_in_btc_per_hash_per_day":  "0.000000000014174234",
                "actual_last24h_in_btc_per_hash_per_day":  "0.000000000011825353"
            },
    "xevan":  {
                  "name":  "xevan",
                  "port":  3739,
                  "coins":  6,
                  "fees":  1,
                  "hashrate":  355507953,
                  "workers":  39,
                  "mbtc_mh_factor":  1,
                  "estimate_current":  "0.00003154",
                  "estimate_last24h":  "0.00003890",
                  "actual_last24h":  0.037637868852459011,
                  "hashrate_last24h":  487033374.3958,
                  "estimate_current_in_btc_per_hash_per_day":  "0.000000000031537506",
                  "estimate_last24h_in_btc_per_hash_per_day":  "0.000000000038903127",
                  "actual_last24h_in_btc_per_hash_per_day":  "0.000000000037748513"
              },
    "yescrypt":  {
                     "name":  "yescrypt",
                     "port":  6233,
                     "coins":  4,
                     "fees":  1,
                     "hashrate":  590057,
                     "workers":  218,
                     "mbtc_mh_factor":  0.001,
                     "estimate_current":  "0.00000904",
                     "estimate_last24h":  "0.00000970",
                     "actual_last24h":  0.0092022950819672118,
                     "hashrate_last24h":  689485.7083,
                     "estimate_current_in_btc_per_hash_per_day":  "0.000000009043450886",
                     "estimate_last24h_in_btc_per_hash_per_day":  "0.000000009699714149",
                     "actual_last24h_in_btc_per_hash_per_day":  "0.000000009342886832"
                 },
    "yescryptR16":  {
                        "name":  "yescryptR16",
                        "port":  6333,
                        "coins":  1,
                        "fees":  1,
                        "hashrate":  15217,
                        "workers":  28,
                        "mbtc_mh_factor":  0.001,
                        "estimate_current":  "0.00008563",
                        "estimate_last24h":  "0.00005477",
                        "actual_last24h":  0.062528688524590162,
                        "hashrate_last24h":  8313.6875,
                        "estimate_current_in_btc_per_hash_per_day":  "0.000000085627909582",
                        "estimate_last24h_in_btc_per_hash_per_day":  "0.000000054770998687",
                        "actual_last24h_in_btc_per_hash_per_day":  "0.000000065476432887"
                    }
}
