{
    "aergo":  {
                  "name":  "aergo",
                  "port":  3691,
                  "coins":  1,
                  "fees":  1.75,
                  "hashrate":  58787222,
                  "workers":  6,
                  "estimate_current":  "0.00002571",
                  "estimate_last24h":  "0.00003072",
                  "actual_last24h":  0.03132,
                  "mbtc_mh_factor":  1,
                  "hashrate_last24h":  161976503.7368
              },
    "allium":  {
                   "name":  "allium",
                   "port":  6433,
                   "coins":  1,
                   "fees":  1.75,
                   "hashrate":  99013294,
                   "workers":  9,
                   "estimate_current":  "0.00003684",
                   "estimate_last24h":  "0.00003295",
                   "actual_last24h":  0.036236000000000004,
                   "mbtc_mh_factor":  1,
                   "hashrate_last24h":  117655798.2737
               },
    "bitcore":  {
                    "name":  "bitcore",
                    "port":  3556,
                    "coins":  1,
                    "fees":  1.75,
                    "hashrate":  767968894,
                    "workers":  28,
                    "estimate_current":  "0.00000767",
                    "estimate_last24h":  "0.00000743",
                    "actual_last24h":  0.0077000000000000011,
                    "mbtc_mh_factor":  1,
                    "hashrate_last24h":  771627196.4316
                },
    "blake2s":  {
                    "name":  "blake2s",
                    "port":  5766,
                    "coins":  4,
                    "fees":  1.75,
                    "hashrate":  17085648367577,
                    "workers":  2776,
                    "estimate_current":  "0.00000707",
                    "estimate_last24h":  "0.00000866",
                    "actual_last24h":  0.008471600000000001,
                    "mbtc_mh_factor":  1000,
                    "hashrate_last24h":  16122237606912
                },
    "blakecoin":  {
                      "name":  "blakecoin",
                      "port":  5743,
                      "coins":  1,
                      "fees":  1.75,
                      "hashrate":  1876499845,
                      "workers":  4,
                      "estimate_current":  "0.00000039",
                      "estimate_last24h":  "0.00000050",
                      "actual_last24h":  0.000965,
                      "mbtc_mh_factor":  1000,
                      "hashrate_last24h":  4417490506.2526
                  },
    "c11":  {
                "name":  "c11",
                "port":  3573,
                "coins":  7,
                "fees":  1.75,
                "hashrate":  721250308,
                "workers":  15,
                "estimate_current":  "0.00000399",
                "estimate_last24h":  "0.00000479",
                "actual_last24h":  0.00343,
                "mbtc_mh_factor":  1,
                "hashrate_last24h":  864879395.6947
            },
    "equihash":  {
                     "name":  "equihash",
                     "port":  2142,
                     "coins":  5,
                     "fees":  1.75,
                     "hashrate":  2049208.728,
                     "workers":  95,
                     "estimate_current":  "0.00003549",
                     "estimate_last24h":  "0.00003503",
                     "actual_last24h":  0.035460000000000012,
                     "mbtc_mh_factor":  0.75,
                     "hashrate_last24h":  1569801.712758
                 },
    "hmq1725":  {
                    "name":  "hmq1725",
                    "port":  3747,
                    "coins":  3,
                    "fees":  1.75,
                    "hashrate":  1438240477,
                    "workers":  254,
                    "estimate_current":  "0.00007961",
                    "estimate_last24h":  "0.00002823",
                    "actual_last24h":  0.0169884,
                    "mbtc_mh_factor":  1,
                    "hashrate_last24h":  629381316.2211
                },
    "hsr":  {
                "name":  "hsr",
                "port":  7433,
                "coins":  1,
                "fees":  1.75,
                "hashrate":  2164102766,
                "workers":  46,
                "estimate_current":  "0.00000948",
                "estimate_last24h":  "0.00001324",
                "actual_last24h":  0.0090138000000000024,
                "mbtc_mh_factor":  1,
                "hashrate_last24h":  4605899115.1368
            },
    "keccak":  {
                   "name":  "keccak",
                   "port":  5133,
                   "coins":  2,
                   "fees":  1.75,
                   "hashrate":  429867915988,
                   "workers":  183,
                   "estimate_current":  "0.00015297",
                   "estimate_last24h":  "0.00019540",
                   "actual_last24h":  0.19400400000000004,
                   "mbtc_mh_factor":  1000,
                   "hashrate_last24h":  555284727178.82
               },
    "keccakc":  {
                    "name":  "keccakc",
                    "port":  5134,
                    "coins":  1,
                    "fees":  1.75,
                    "hashrate":  105102087361,
                    "workers":  255,
                    "estimate_current":  "0.00036238",
                    "estimate_last24h":  "0.00014306",
                    "actual_last24h":  0.17075079999999998,
                    "mbtc_mh_factor":  1000,
                    "hashrate_last24h":  118925957779.32
                },
    "lyra2v2":  {
                    "name":  "lyra2v2",
                    "port":  4533,
                    "coins":  13,
                    "fees":  1.75,
                    "hashrate":  79966106475,
                    "workers":  582,
                    "estimate_current":  "0.00000292",
                    "estimate_last24h":  "0.00000411",
                    "actual_last24h":  0.00317,
                    "mbtc_mh_factor":  1,
                    "hashrate_last24h":  105599457030.33
                },
    "lyra2z":  {
                   "name":  "lyra2z",
                   "port":  4553,
                   "coins":  7,
                   "fees":  1.75,
                   "hashrate":  6718951862,
                   "workers":  748,
                   "estimate_current":  "0.00005848",
                   "estimate_last24h":  "0.00008028",
                   "actual_last24h":  0.0769024,
                   "mbtc_mh_factor":  1,
                   "hashrate_last24h":  9349724697.9158
               },
    "m7m":  {
                "name":  "m7m",
                "port":  6033,
                "coins":  1,
                "fees":  1.75,
                "hashrate":  20914119,
                "workers":  638,
                "estimate_current":  "0.00004563",
                "estimate_last24h":  "0.00011519",
                "actual_last24h":  0.047979999999999988,
                "mbtc_mh_factor":  1,
                "hashrate_last24h":  20089467.2
            },
    "myr-gr":  {
                   "name":  "myr-gr",
                   "port":  5433,
                   "coins":  6,
                   "fees":  1.75,
                   "hashrate":  107898741072,
                   "workers":  60,
                   "estimate_current":  "0.00000005",
                   "estimate_last24h":  "0.00000006",
                   "actual_last24h":  4E-05,
                   "mbtc_mh_factor":  1,
                   "hashrate_last24h":  135218325777.43
               },
    "neoscrypt":  {
                      "name":  "neoscrypt",
                      "port":  4233,
                      "coins":  25,
                      "fees":  1.75,
                      "hashrate":  2115452543,
                      "workers":  711,
                      "estimate_current":  "0.00010056",
                      "estimate_last24h":  "0.00013086",
                      "actual_last24h":  0.1014908,
                      "mbtc_mh_factor":  1,
                      "hashrate_last24h":  1698723639.4947
                  },
    "nist5":  {
                  "name":  "nist5",
                  "port":  3833,
                  "coins":  6,
                  "fees":  1.75,
                  "hashrate":  1061671084817,
                  "workers":  167,
                  "estimate_current":  "0.00001504",
                  "estimate_last24h":  "0.00001122",
                  "actual_last24h":  0.014199,
                  "mbtc_mh_factor":  1000,
                  "hashrate_last24h":  538787942196.66
              },
    "phi":  {
                "name":  "phi",
                "port":  8333,
                "coins":  2,
                "fees":  1.75,
                "hashrate":  1551572168,
                "workers":  34,
                "estimate_current":  "0.00000575",
                "estimate_last24h":  "0.00000564",
                "actual_last24h":  0.006291999999999999,
                "mbtc_mh_factor":  1,
                "hashrate_last24h":  1829867280.3789
            },
    "phi2":  {
                 "name":  "phi2",
                 "port":  8332,
                 "coins":  1,
                 "fees":  1.75,
                 "hashrate":  46872459,
                 "workers":  1,
                 "estimate_current":  "0.00004506",
                 "estimate_last24h":  "0.00010456",
                 "actual_last24h":  0,
                 "mbtc_mh_factor":  1,
                 "hashrate_last24h":  39871464.9789
             },
    "quark":  {
                  "name":  "quark",
                  "port":  4033,
                  "coins":  5,
                  "fees":  1.75,
                  "hashrate":  300046710334,
                  "workers":  145,
                  "estimate_current":  "0.00008755",
                  "estimate_last24h":  "0.00008671",
                  "actual_last24h":  0.071112000000000009,
                  "mbtc_mh_factor":  1000,
                  "hashrate_last24h":  303420741466.64
              },
    "qubit":  {
                  "name":  "qubit",
                  "port":  4733,
                  "coins":  4,
                  "fees":  1.75,
                  "hashrate":  212487043216,
                  "workers":  192,
                  "estimate_current":  "0.00013935",
                  "estimate_last24h":  "0.00009954",
                  "actual_last24h":  0.0686572,
                  "mbtc_mh_factor":  1000,
                  "hashrate_last24h":  189497367707.4
              },
    "scrypt":  {
                   "name":  "scrypt",
                   "port":  3433,
                   "coins":  72,
                   "fees":  1.25,
                   "hashrate":  1204015542153,
                   "workers":  2298,
                   "estimate_current":  "0.00082007",
                   "estimate_last24h":  "0.00090057",
                   "actual_last24h":  0.7596468,
                   "mbtc_mh_factor":  1000,
                   "hashrate_last24h":  1488992248146.3
               },
    "sha256":  {
                   "name":  "sha256",
                   "port":  3333,
                   "coins":  41,
                   "fees":  1.5,
                   "hashrate":  1.2324030304758E+16,
                   "workers":  1081,
                   "estimate_current":  "0.05230511",
                   "estimate_last24h":  "0.05380886",
                   "actual_last24h":  54.821670200000007,
                   "mbtc_mh_factor":  1000000000,
                   "hashrate_last24h":  2.0607488973426E+16
               },
    "sha256t":  {
                    "name":  "sha256t",
                    "port":  3339,
                    "coins":  1,
                    "fees":  1.75,
                    "hashrate":  3958241860,
                    "workers":  6,
                    "estimate_current":  "0.00005185",
                    "estimate_last24h":  "0.00007500",
                    "actual_last24h":  0.04478,
                    "mbtc_mh_factor":  1000,
                    "hashrate_last24h":  4006289823.7368
                },
    "sib":  {
                "name":  "sib",
                "port":  5033,
                "coins":  1,
                "fees":  1.75,
                "hashrate":  457103634,
                "workers":  77,
                "estimate_current":  "0.00000035",
                "estimate_last24h":  "0.00000042",
                "actual_last24h":  0.00033999999999999997,
                "mbtc_mh_factor":  1,
                "hashrate_last24h":  735602445.0211
            },
    "skein":  {
                  "name":  "skein",
                  "port":  4933,
                  "coins":  12,
                  "fees":  1.75,
                  "hashrate":  5570213749962,
                  "workers":  620,
                  "estimate_current":  "0.00017408",
                  "estimate_last24h":  "0.00016850",
                  "actual_last24h":  0.13757,
                  "mbtc_mh_factor":  1000,
                  "hashrate_last24h":  5136855515001.3
              },
    "skunk":  {
                  "name":  "skunk",
                  "port":  8433,
                  "coins":  1,
                  "fees":  1.75,
                  "hashrate":  242508285,
                  "workers":  11,
                  "estimate_current":  "0.00000083",
                  "estimate_last24h":  "0.00000208",
                  "actual_last24h":  0.00079999999999999993,
                  "mbtc_mh_factor":  1,
                  "hashrate_last24h":  2335834600.0842
              },
    "timetravel":  {
                       "name":  "timetravel",
                       "port":  3555,
                       "coins":  1,
                       "fees":  1.75,
                       "hashrate":  9233378076,
                       "workers":  56,
                       "estimate_current":  "0.00000260",
                       "estimate_last24h":  "0.00000379",
                       "actual_last24h":  0.0035562,
                       "mbtc_mh_factor":  1,
                       "hashrate_last24h":  2568647255.6526
                   },
    "tribus":  {
                   "name":  "tribus",
                   "port":  8533,
                   "coins":  4,
                   "fees":  1.75,
                   "hashrate":  472643398,
                   "workers":  14,
                   "estimate_current":  "0.00000158",
                   "estimate_last24h":  "0.00000124",
                   "actual_last24h":  0.0011983999999999999,
                   "mbtc_mh_factor":  1,
                   "hashrate_last24h":  3406513097.8316
               },
    "x11":  {
                "name":  "x11",
                "port":  3533,
                "coins":  43,
                "fees":  1.25,
                "hashrate":  41921006531440,
                "workers":  1908,
                "estimate_current":  "0.00001882",
                "estimate_last24h":  "0.00003179",
                "actual_last24h":  0.025784799999999997,
                "mbtc_mh_factor":  1000,
                "hashrate_last24h":  37374682274135
            },
    "x11evo":  {
                   "name":  "x11evo",
                   "port":  3553,
                   "coins":  1,
                   "fees":  1.75,
                   "hashrate":  154371433,
                   "workers":  11,
                   "estimate_current":  "0.00000872",
                   "estimate_last24h":  "0.00000946",
                   "actual_last24h":  0.0094416000000000014,
                   "mbtc_mh_factor":  1,
                   "hashrate_last24h":  65262380.6842
               },
    "x13":  {
                "name":  "x13",
                "port":  3633,
                "coins":  3,
                "fees":  1.75,
                "hashrate":  221351042076,
                "workers":  194,
                "estimate_current":  "0.00025387",
                "estimate_last24h":  "0.00017468",
                "actual_last24h":  0.15185,
                "mbtc_mh_factor":  1000,
                "hashrate_last24h":  420114720642.79
            },
    "x16r":  {
                 "name":  "x16r",
                 "port":  3636,
                 "coins":  3,
                 "fees":  1.75,
                 "hashrate":  7443318259,
                 "workers":  190,
                 "estimate_current":  "0.00001471",
                 "estimate_last24h":  "0.00001436",
                 "actual_last24h":  0.015099999999999997,
                 "mbtc_mh_factor":  1,
                 "hashrate_last24h":  4581764356.8526
             },
    "x16s":  {
                 "name":  "x16s",
                 "port":  3663,
                 "coins":  2,
                 "fees":  1.75,
                 "hashrate":  828842857,
                 "workers":  31,
                 "estimate_current":  "0.00001255",
                 "estimate_last24h":  "0.00001244",
                 "actual_last24h":  0.0099250000000000015,
                 "mbtc_mh_factor":  1,
                 "hashrate_last24h":  3621093278.0737
             },
    "x17":  {
                "name":  "x17",
                "port":  3737,
                "coins":  4,
                "fees":  1.75,
                "hashrate":  14771953379,
                "workers":  464,
                "estimate_current":  "0.00001846",
                "estimate_last24h":  "0.00001420",
                "actual_last24h":  0.013582,
                "mbtc_mh_factor":  1,
                "hashrate_last24h":  14050527458.6
            },
    "xevan":  {
                  "name":  "xevan",
                  "port":  3739,
                  "coins":  6,
                  "fees":  1.75,
                  "hashrate":  1102696590,
                  "workers":  284,
                  "estimate_current":  "0.00003399",
                  "estimate_last24h":  "0.00003961",
                  "actual_last24h":  0.0430772,
                  "mbtc_mh_factor":  1,
                  "hashrate_last24h":  875443662.8211
              },
    "yescrypt":  {
                     "name":  "yescrypt",
                     "port":  6233,
                     "coins":  4,
                     "fees":  1.75,
                     "hashrate":  5615470,
                     "workers":  4404,
                     "estimate_current":  "0.00000963",
                     "estimate_last24h":  "0.00000861",
                     "actual_last24h":  0.0085472,
                     "mbtc_mh_factor":  0.001,
                     "hashrate_last24h":  5002423.1368
                 },
    "yescryptR16":  {
                        "name":  "yescryptR16",
                        "port":  6333,
                        "coins":  1,
                        "fees":  1.75,
                        "hashrate":  40594,
                        "workers":  78,
                        "estimate_current":  "0.00004657",
                        "estimate_last24h":  "0.00005340",
                        "actual_last24h":  0.0517628,
                        "mbtc_mh_factor":  0.001,
                        "hashrate_last24h":  36869.3158
                    }
}
