﻿<Objs Version="1.1.0.1" xmlns="http://schemas.microsoft.com/powershell/2004/04">
  <Obj RefId="0">
    <TN RefId="0">
      <T>System.Management.Automation.PSCustomObject</T>
      <T>System.Object</T>
    </TN>
    <MS>
      <I32 N="SampleSizeMinutes">60</I32>
      <I32 N="TrendSpanSizeMinutes">30</I32>
      <I32 N="SampleHalfPower">0</I32>
      <I32 N="ManualPriceFactor">1</I32>
      <I32 N="Interval">60</I32>
      <B N="EnableLog">false</B>
      <S N="LogDataPath">.\BrainMemory-BlockMasters.csv</S>
      <S N="TransferFile">.\blockmastersplus.json</S>
      <S N="PoolName">blockmasters</S>
      <S N="PoolStatusUri">http://blockmasters.co/api/status</S>
    </MS>
  </Obj>
</Objs>
