{
    "bitcore":  {
                    "name":  "bitcore",
                    "port":  3556,
                    "coins":  1,
                    "fees":  1,
                    "hashrate":  19298613,
                    "workers":  3,
                    "mbtc_mh_factor":  1,
                    "estimate_current":  "0.00000639",
                    "estimate_last24h":  "0.00000741",
                    "actual_last24h":  0.00631,
                    "estimate_current_in_btc_per_hash_per_day":  "0.000000000006397260",
                    "estimate_last24h_in_btc_per_hash_per_day":  "0.000000000007415817",
                    "actual_last24h_in_btc_per_hash_per_day":  "0.000000000000000000",
                    "hashrate_last24h":  180278216.8542
                },
    "blake2s":  {
                    "name":  "blake2s",
                    "port":  5766,
                    "coins":  4,
                    "fees":  1,
                    "hashrate":  13458022324,
                    "workers":  3,
                    "mbtc_mh_factor":  1000,
                    "estimate_current":  "0.00000798",
                    "estimate_last24h":  "0.00001100",
                    "actual_last24h":  0.00849,
                    "estimate_current_in_btc_per_hash_per_day":  "0.000000000000007980",
                    "estimate_last24h_in_btc_per_hash_per_day":  "0.000000000000011003",
                    "actual_last24h_in_btc_per_hash_per_day":  "0.000000000000000000",
                    "hashrate_last24h":  22965132865.521
                },
    "blakecoin":  {
                      "name":  "blakecoin",
                      "port":  5743,
                      "coins":  3,
                      "fees":  1,
                      "hashrate":  605918,
                      "workers":  1,
                      "mbtc_mh_factor":  1000,
                      "estimate_current":  "0.00000043",
                      "estimate_last24h":  "0.00000048",
                      "actual_last24h":  0.00045,
                      "estimate_current_in_btc_per_hash_per_day":  "0.000000000000000428",
                      "estimate_last24h_in_btc_per_hash_per_day":  "0.000000000000000484",
                      "actual_last24h_in_btc_per_hash_per_day":  "0.000000000000000000",
                      "hashrate_last24h":  766489408.0208
                  },
    "c11":  {
                "name":  "c11",
                "port":  3573,
                "coins":  7,
                "fees":  1,
                "hashrate":  158388315,
                "workers":  3,
                "mbtc_mh_factor":  1,
                "estimate_current":  "0.00000302",
                "estimate_last24h":  "0.00000592",
                "actual_last24h":  0.0049093442622950819,
                "estimate_current_in_btc_per_hash_per_day":  "0.000000000003024260",
                "estimate_last24h_in_btc_per_hash_per_day":  "0.000000000005917062",
                "actual_last24h_in_btc_per_hash_per_day":  "0.000000000004767956",
                "hashrate_last24h":  792675804.5521
            },
    "groestl":  {
                    "name":  "groestl",
                    "port":  5333,
                    "coins":  1,
                    "fees":  1,
                    "hashrate":  1116996,
                    "workers":  4,
                    "mbtc_mh_factor":  1,
                    "estimate_current":  "0.00000024",
                    "estimate_last24h":  "0.00000022",
                    "actual_last24h":  0.00023,
                    "estimate_current_in_btc_per_hash_per_day":  "0.000000000000238643",
                    "estimate_last24h_in_btc_per_hash_per_day":  "0.000000000000224365",
                    "actual_last24h_in_btc_per_hash_per_day":  "0.000000000000000000",
                    "hashrate_last24h":  1560504.8125
                },
    "hmq1725":  {
                    "name":  "hmq1725",
                    "port":  3747,
                    "coins":  3,
                    "fees":  1,
                    "hashrate":  185710783,
                    "workers":  14,
                    "mbtc_mh_factor":  1,
                    "estimate_current":  "0.00000941",
                    "estimate_last24h":  "0.00002984",
                    "actual_last24h":  0.013084754098360652,
                    "estimate_current_in_btc_per_hash_per_day":  "0.000000000009406157",
                    "estimate_last24h_in_btc_per_hash_per_day":  "0.000000000029841625",
                    "actual_last24h_in_btc_per_hash_per_day":  "0.000000000018504469",
                    "hashrate_last24h":  749848934.3229
                },
    "hsr":  {
                "name":  "hsr",
                "port":  7433,
                "coins":  1,
                "fees":  1,
                "hashrate":  2383947,
                "workers":  3,
                "mbtc_mh_factor":  1,
                "estimate_current":  "0.00000605",
                "estimate_last24h":  "0.00001039",
                "actual_last24h":  0.0083588524590163943,
                "estimate_current_in_btc_per_hash_per_day":  "0.000000000006052125",
                "estimate_last24h_in_btc_per_hash_per_day":  "0.000000000010396523",
                "actual_last24h_in_btc_per_hash_per_day":  "0.000000000010526475",
                "hashrate_last24h":  754306513.7813
            },
    "keccak":  {
                   "name":  "keccak",
                   "port":  5133,
                   "coins":  2,
                   "fees":  1,
                   "hashrate":  163195471482,
                   "workers":  42,
                   "mbtc_mh_factor":  1000,
                   "estimate_current":  "0.00014581",
                   "estimate_last24h":  "0.00014609",
                   "actual_last24h":  0.14581,
                   "estimate_current_in_btc_per_hash_per_day":  "0.000000000000145811",
                   "estimate_last24h_in_btc_per_hash_per_day":  "0.000000000000146091",
                   "actual_last24h_in_btc_per_hash_per_day":  "0.000000000000097927",
                   "hashrate_last24h":  7569118695.5729
               },
    "keccakc":  {
                    "name":  "keccakc",
                    "port":  5134,
                    "coins":  1,
                    "fees":  1,
                    "hashrate":  1898532,
                    "workers":  2,
                    "mbtc_mh_factor":  1000,
                    "estimate_current":  "0.00011094",
                    "estimate_last24h":  "0.00014198",
                    "actual_last24h":  0.092956229508196736,
                    "estimate_current_in_btc_per_hash_per_day":  "0.000000000000110940",
                    "estimate_last24h_in_btc_per_hash_per_day":  "0.000000000000141983",
                    "actual_last24h_in_btc_per_hash_per_day":  "0.000000000000124994",
                    "hashrate_last24h":  27601221971.688
                },
    "lbry":  {
                 "name":  "lbry",
                 "port":  3334,
                 "coins":  1,
                 "fees":  1,
                 "hashrate":  626679,
                 "workers":  1,
                 "mbtc_mh_factor":  1,
                 "estimate_current":  "0.00000001",
                 "estimate_last24h":  "0.00000001",
                 "actual_last24h":  1E-05,
                 "estimate_current_in_btc_per_hash_per_day":  "0.000000000000009674",
                 "estimate_last24h_in_btc_per_hash_per_day":  "0.000000000000011801",
                 "actual_last24h_in_btc_per_hash_per_day":  "0.000000000000000000",
                 "hashrate_last24h":  222669003.2813
             },
    "lyra2v2":  {
                    "name":  "lyra2v2",
                    "port":  4533,
                    "coins":  10,
                    "fees":  1,
                    "hashrate":  37386373423,
                    "workers":  321,
                    "mbtc_mh_factor":  1,
                    "estimate_current":  "0.00000266",
                    "estimate_last24h":  "0.00000364",
                    "actual_last24h":  0.0031329508196721307,
                    "estimate_current_in_btc_per_hash_per_day":  "0.000000000002652031",
                    "estimate_last24h_in_btc_per_hash_per_day":  "0.000000000003640909",
                    "actual_last24h_in_btc_per_hash_per_day":  "0.000000000003574390",
                    "hashrate_last24h":  92655910717.552
                },
    "lyra2z":  {
                   "name":  "lyra2z",
                   "port":  4553,
                   "coins":  6,
                   "fees":  1,
                   "hashrate":  121820508,
                   "workers":  19,
                   "mbtc_mh_factor":  1,
                   "estimate_current":  "0.00006008",
                   "estimate_last24h":  "0.00006838",
                   "actual_last24h":  0.042681475409836057,
                   "estimate_current_in_btc_per_hash_per_day":  "0.000000000060085237",
                   "estimate_last24h_in_btc_per_hash_per_day":  "0.000000000068379487",
                   "actual_last24h_in_btc_per_hash_per_day":  "0.000000000054515960",
                   "hashrate_last24h":  450370174.2917
               },
    "m7m":  {
                "name":  "m7m",
                "port":  6033,
                "coins":  1,
                "fees":  1,
                "hashrate":  660323,
                "workers":  7,
                "mbtc_mh_factor":  1,
                "estimate_current":  "0.00018527",
                "estimate_last24h":  "0.00015139",
                "actual_last24h":  0.18213016393442619,
                "estimate_current_in_btc_per_hash_per_day":  "0.000000000185269907",
                "estimate_last24h_in_btc_per_hash_per_day":  "0.000000000151384100",
                "actual_last24h_in_btc_per_hash_per_day":  "0.000000000209534300",
                "hashrate_last24h":  498057.6875
            },
    "myr-gr":  {
                   "name":  "myr-gr",
                   "port":  5433,
                   "coins":  6,
                   "fees":  1,
                   "hashrate":  54887620459,
                   "workers":  6,
                   "mbtc_mh_factor":  1,
                   "estimate_current":  "0.00000008",
                   "estimate_last24h":  "0.00000007",
                   "actual_last24h":  7.0000000000000007E-05,
                   "estimate_current_in_btc_per_hash_per_day":  "0.000000000000079871",
                   "estimate_last24h_in_btc_per_hash_per_day":  "0.000000000000078705",
                   "actual_last24h_in_btc_per_hash_per_day":  "0.000000000000043653",
                   "hashrate_last24h":  35791394133.26
               },
    "neoscrypt":  {
                      "name":  "neoscrypt",
                      "port":  4233,
                      "coins":  36,
                      "fees":  1,
                      "hashrate":  90888563,
                      "workers":  43,
                      "mbtc_mh_factor":  1,
                      "estimate_current":  "0.00010556",
                      "estimate_last24h":  "0.00011990",
                      "actual_last24h":  0.10921770491803279,
                      "estimate_current_in_btc_per_hash_per_day":  "0.000000000105558836",
                      "estimate_last24h_in_btc_per_hash_per_day":  "0.000000000119896364",
                      "actual_last24h_in_btc_per_hash_per_day":  "0.000000000094526584",
                      "hashrate_last24h":  943304939.1667
                  },
    "nist5":  {
                  "name":  "nist5",
                  "port":  3833,
                  "coins":  4,
                  "fees":  1,
                  "hashrate":  714571,
                  "workers":  1,
                  "mbtc_mh_factor":  1,
                  "estimate_current":  "0.00000001",
                  "estimate_last24h":  "0.00000001",
                  "actual_last24h":  1.0000000000000009E-05,
                  "estimate_current_in_btc_per_hash_per_day":  "0.000000000000013547",
                  "estimate_last24h_in_btc_per_hash_per_day":  "0.000000000000013838",
                  "actual_last24h_in_btc_per_hash_per_day":  "0.000000000000147059",
                  "hashrate_last24h":  9826885.1667
              },
    "phi":  {
                "name":  "phi",
                "port":  8333,
                "coins":  2,
                "fees":  1,
                "hashrate":  165073346,
                "workers":  3,
                "mbtc_mh_factor":  1,
                "estimate_current":  "0.00000500",
                "estimate_last24h":  "0.00000485",
                "actual_last24h":  0.00433,
                "estimate_current_in_btc_per_hash_per_day":  "0.000000000004996305",
                "estimate_last24h_in_btc_per_hash_per_day":  "0.000000000004852713",
                "actual_last24h_in_btc_per_hash_per_day":  "0.000000000006771171",
                "hashrate_last24h":  464161887.8958
            },
    "phi2":  {
                 "name":  "phi2",
                 "port":  8332,
                 "coins":  1,
                 "fees":  1,
                 "hashrate":  72670711,
                 "workers":  4,
                 "mbtc_mh_factor":  1,
                 "estimate_current":  "0.00004457",
                 "estimate_last24h":  "0.00003694",
                 "actual_last24h":  0.03898,
                 "estimate_current_in_btc_per_hash_per_day":  "0.000000000044567320",
                 "estimate_last24h_in_btc_per_hash_per_day":  "0.000000000036937221",
                 "actual_last24h_in_btc_per_hash_per_day":  "0.000000000000000000",
                 "hashrate_last24h":  24773565.1563
             },
    "quark":  {
                  "name":  "quark",
                  "port":  4033,
                  "coins":  5,
                  "fees":  1,
                  "hashrate":  1605111055,
                  "workers":  3,
                  "mbtc_mh_factor":  1000,
                  "estimate_current":  "0.00011465",
                  "estimate_last24h":  "0.00011465",
                  "actual_last24h":  0.11660000000000002,
                  "estimate_current_in_btc_per_hash_per_day":  "0.000000000000114653",
                  "estimate_last24h_in_btc_per_hash_per_day":  "0.000000000000114653",
                  "actual_last24h_in_btc_per_hash_per_day":  "0.000000000000179634",
                  "hashrate_last24h":  10372912115.656
              },
    "qubit":  {
                  "name":  "qubit",
                  "port":  4733,
                  "coins":  3,
                  "fees":  1,
                  "hashrate":  9880944495,
                  "workers":  4,
                  "mbtc_mh_factor":  1000,
                  "estimate_current":  "0.00015745",
                  "estimate_last24h":  "0.00010550",
                  "actual_last24h":  0.11712491803278689,
                  "estimate_current_in_btc_per_hash_per_day":  "0.000000000000157444",
                  "estimate_last24h_in_btc_per_hash_per_day":  "0.000000000000105507",
                  "actual_last24h_in_btc_per_hash_per_day":  "0.000000000000167371",
                  "hashrate_last24h":  20862050245.792
              },
    "scrypt":  {
                   "name":  "scrypt",
                   "port":  3433,
                   "coins":  20,
                   "fees":  1,
                   "hashrate":  1431436625,
                   "workers":  7,
                   "mbtc_mh_factor":  1000,
                   "estimate_current":  "0.00074984",
                   "estimate_last24h":  "0.00076652",
                   "actual_last24h":  0.79667999999999994,
                   "estimate_current_in_btc_per_hash_per_day":  "0.000000000000749833",
                   "estimate_last24h_in_btc_per_hash_per_day":  "0.000000000000766518",
                   "actual_last24h_in_btc_per_hash_per_day":  "0.000000000000346835",
                   "hashrate_last24h":  1279650376.625
               },
    "sib":  {
                "name":  "sib",
                "port":  5033,
                "coins":  1,
                "fees":  1,
                "hashrate":  1273548,
                "workers":  4,
                "mbtc_mh_factor":  1,
                "estimate_current":  "0.00000016",
                "estimate_last24h":  "0.00000019",
                "actual_last24h":  0.00013,
                "estimate_current_in_btc_per_hash_per_day":  "0.000000000000162440",
                "estimate_last24h_in_btc_per_hash_per_day":  "0.000000000000190372",
                "actual_last24h_in_btc_per_hash_per_day":  "0.000000000000000000",
                "hashrate_last24h":  36650.3854
            },
    "skein":  {
                  "name":  "skein",
                  "port":  4933,
                  "coins":  12,
                  "fees":  1,
                  "hashrate":  145021713423,
                  "workers":  50,
                  "mbtc_mh_factor":  1,
                  "estimate_current":  "0.00000015",
                  "estimate_last24h":  "0.00000020",
                  "actual_last24h":  0.00021983606557377048,
                  "estimate_current_in_btc_per_hash_per_day":  "0.000000000000143502",
                  "estimate_last24h_in_btc_per_hash_per_day":  "0.000000000000203067",
                  "actual_last24h_in_btc_per_hash_per_day":  "0.000000000000215204",
                  "hashrate_last24h":  113137287257.14
              },
    "skunk":  {
                  "name":  "skunk",
                  "port":  8433,
                  "coins":  1,
                  "fees":  1,
                  "hashrate":  365096501,
                  "workers":  4,
                  "mbtc_mh_factor":  1,
                  "estimate_current":  "0.00000393",
                  "estimate_last24h":  "0.00000287",
                  "actual_last24h":  0.0023121311475409836,
                  "estimate_current_in_btc_per_hash_per_day":  "0.000000000003927949",
                  "estimate_last24h_in_btc_per_hash_per_day":  "0.000000000002867686",
                  "actual_last24h_in_btc_per_hash_per_day":  "0.000000000002800233",
                  "hashrate_last24h":  1818567187.9271
              },
    "timetravel":  {
                       "name":  "timetravel",
                       "port":  3555,
                       "coins":  1,
                       "fees":  1,
                       "hashrate":  1330179887,
                       "workers":  135,
                       "mbtc_mh_factor":  1,
                       "estimate_current":  "0.00000584",
                       "estimate_last24h":  "0.00000421",
                       "actual_last24h":  0.0028573770491803277,
                       "estimate_current_in_btc_per_hash_per_day":  "0.000000000005834624",
                       "estimate_last24h_in_btc_per_hash_per_day":  "0.000000000004206513",
                       "actual_last24h_in_btc_per_hash_per_day":  "0.000000000002631193",
                       "hashrate_last24h":  1243298705.2604
                   },
    "tribus":  {
                   "name":  "tribus",
                   "port":  8533,
                   "coins":  5,
                   "fees":  1,
                   "hashrate":  884388513,
                   "workers":  8,
                   "mbtc_mh_factor":  1,
                   "estimate_current":  "0.00000123",
                   "estimate_last24h":  "0.00000194",
                   "actual_last24h":  0.0013239344262295082,
                   "estimate_current_in_btc_per_hash_per_day":  "0.000000000001229204",
                   "estimate_last24h_in_btc_per_hash_per_day":  "0.000000000001945203",
                   "actual_last24h_in_btc_per_hash_per_day":  "0.000000000000813951",
                   "hashrate_last24h":  5334710998.8333
               },
    "x11":  {
                "name":  "x11",
                "port":  3533,
                "coins":  16,
                "fees":  1,
                "hashrate":  219902325555,
                "workers":  14,
                "mbtc_mh_factor":  1000,
                "estimate_current":  "0.00002096",
                "estimate_last24h":  "0.00002638",
                "actual_last24h":  0.024233442622950817,
                "estimate_current_in_btc_per_hash_per_day":  "0.000000000000020961",
                "estimate_last24h_in_btc_per_hash_per_day":  "0.000000000000026377",
                "actual_last24h_in_btc_per_hash_per_day":  "0.000000000000026589",
                "hashrate_last24h":  396701351942.42
            },
    "x16r":  {
                 "name":  "x16r",
                 "port":  3636,
                 "coins":  3,
                 "fees":  1,
                 "hashrate":  11869228506,
                 "workers":  480,
                 "mbtc_mh_factor":  1,
                 "estimate_current":  "0.00001373",
                 "estimate_last24h":  "0.00001389",
                 "actual_last24h":  0.015138688524590162,
                 "estimate_current_in_btc_per_hash_per_day":  "0.000000000013737638",
                 "estimate_last24h_in_btc_per_hash_per_day":  "0.000000000013890629",
                 "actual_last24h_in_btc_per_hash_per_day":  "0.000000000014530646",
                 "hashrate_last24h":  7384606238.8438
             },
    "x16s":  {
                 "name":  "x16s",
                 "port":  3663,
                 "coins":  2,
                 "fees":  1,
                 "hashrate":  929889163,
                 "workers":  22,
                 "mbtc_mh_factor":  1,
                 "estimate_current":  "0.00000763",
                 "estimate_last24h":  "0.00000894",
                 "actual_last24h":  0.0074100000000000017,
                 "estimate_current_in_btc_per_hash_per_day":  "0.000000000007630779",
                 "estimate_last24h_in_btc_per_hash_per_day":  "0.000000000008933173",
                 "actual_last24h_in_btc_per_hash_per_day":  "0.000000000015144316",
                 "hashrate_last24h":  1781952088.0938
             },
    "x17":  {
                "name":  "x17",
                "port":  3737,
                "coins":  3,
                "fees":  1,
                "hashrate":  7998492627,
                "workers":  229,
                "mbtc_mh_factor":  1,
                "estimate_current":  "0.00001279",
                "estimate_last24h":  "0.00001422",
                "actual_last24h":  0.013256229508196722,
                "estimate_current_in_btc_per_hash_per_day":  "0.000000000012786993",
                "estimate_last24h_in_btc_per_hash_per_day":  "0.000000000014214581",
                "actual_last24h_in_btc_per_hash_per_day":  "0.000000000013271833",
                "hashrate_last24h":  9863968340.8229
            },
    "xevan":  {
                  "name":  "xevan",
                  "port":  3739,
                  "coins":  6,
                  "fees":  1,
                  "hashrate":  166716163,
                  "workers":  6,
                  "mbtc_mh_factor":  1,
                  "estimate_current":  "0.00003037",
                  "estimate_last24h":  "0.00003866",
                  "actual_last24h":  0.038174754098360658,
                  "estimate_current_in_btc_per_hash_per_day":  "0.000000000030366443",
                  "estimate_last24h_in_btc_per_hash_per_day":  "0.000000000038656046",
                  "actual_last24h_in_btc_per_hash_per_day":  "0.000000000040802412",
                  "hashrate_last24h":  415948796.2396
              },
    "yescrypt":  {
                     "name":  "yescrypt",
                     "port":  6233,
                     "coins":  4,
                     "fees":  1,
                     "hashrate":  272752,
                     "workers":  62,
                     "mbtc_mh_factor":  0.001,
                     "estimate_current":  "0.00000908",
                     "estimate_last24h":  "0.00000805",
                     "actual_last24h":  0.0082,
                     "estimate_current_in_btc_per_hash_per_day":  "0.000000009082119584",
                     "estimate_last24h_in_btc_per_hash_per_day":  "0.000000008056877065",
                     "actual_last24h_in_btc_per_hash_per_day":  "0.000000008981019469",
                     "hashrate_last24h":  252417.3021
                 },
    "yescryptR16":  {
                        "name":  "yescryptR16",
                        "port":  6333,
                        "coins":  1,
                        "fees":  1,
                        "hashrate":  2199,
                        "workers":  1,
                        "mbtc_mh_factor":  0.001,
                        "estimate_current":  "0.00008563",
                        "estimate_last24h":  "0.00005491",
                        "actual_last24h":  0.047764098360655739,
                        "estimate_current_in_btc_per_hash_per_day":  "0.000000085627909582",
                        "estimate_last24h_in_btc_per_hash_per_day":  "0.000000054916796384",
                        "actual_last24h_in_btc_per_hash_per_day":  "0.000000035774107322",
                        "hashrate_last24h":  2536.0521
                    }
}
