{
    "allium":  {
                   "name":  "allium",
                   "port":  4443,
                   "coins":  1,
                   "fees":  0.1,
                   "hashrate":  0,
                   "workers":  0,
                   "estimate_current":  "0.00003222",
                   "estimate_last24h":  "0.00002793",
                   "actual_last24h":  0.02955,
                   "hashrate_last24h":  0
               },
    "blake2s":  {
                    "name":  "blake2s",
                    "port":  5766,
                    "coins":  5,
                    "fees":  0.1,
                    "hashrate":  0,
                    "workers":  0,
                    "estimate_current":  "0.00000704",
                    "estimate_last24h":  "0.00000658",
                    "actual_last24h":  0.0070999999999999995,
                    "hashrate_last24h":  0
                },
    "c11":  {
                "name":  "c11",
                "port":  3573,
                "coins":  3,
                "fees":  0.1,
                "hashrate":  0,
                "workers":  0,
                "estimate_current":  "0.00000510",
                "estimate_last24h":  "0.00000342",
                "actual_last24h":  0.00193,
                "hashrate_last24h":  0
            },
    "groestl":  {
                    "name":  "groestl",
                    "port":  3033,
                    "coins":  1,
                    "fees":  0.1,
                    "hashrate":  0,
                    "workers":  0,
                    "estimate_current":  "0.00000013",
                    "estimate_last24h":  "0.00000016",
                    "actual_last24h":  0.00013,
                    "hashrate_last24h":  0
                },
    "hmq1725":  {
                    "name":  "hmq1725",
                    "port":  3747,
                    "coins":  2,
                    "fees":  0.1,
                    "hashrate":  0,
                    "workers":  0,
                    "estimate_current":  "0.00001351",
                    "estimate_last24h":  "0.00001377",
                    "actual_last24h":  0.01121,
                    "hashrate_last24h":  0
                },
    "hsr":  {
                "name":  "hsr",
                "port":  7433,
                "coins":  1,
                "fees":  0.1,
                "hashrate":  0,
                "workers":  0,
                "estimate_current":  "0.00000873",
                "estimate_last24h":  "0.00001192",
                "actual_last24h":  0,
                "hashrate_last24h":  480120.0729
            },
    "keccak":  {
                   "name":  "keccak",
                   "port":  5133,
                   "coins":  1,
                   "fees":  0.1,
                   "hashrate":  0,
                   "workers":  0,
                   "estimate_current":  "0.00009028",
                   "estimate_last24h":  "0.00008264",
                   "actual_last24h":  -0.0078652023999999966,
                   "hashrate_last24h":  661287166.8229
               },
    "keccakc":  {
                    "name":  "keccakc",
                    "port":  5134,
                    "coins":  1,
                    "fees":  0.1,
                    "hashrate":  0,
                    "workers":  0,
                    "estimate_current":  "0.00015221",
                    "estimate_last24h":  "0.00010200",
                    "actual_last24h":  0,
                    "hashrate_last24h":  488958165.6771
                },
    "lbry":  {
                 "name":  "lbry",
                 "port":  3334,
                 "coins":  1,
                 "fees":  0.1,
                 "hashrate":  0,
                 "workers":  0,
                 "estimate_current":  "0.00000810",
                 "estimate_last24h":  "0.00000873",
                 "actual_last24h":  0.00704,
                 "hashrate_last24h":  0
             },
    "lyra2v2":  {
                    "name":  "lyra2v2",
                    "port":  4533,
                    "coins":  13,
                    "fees":  0.1,
                    "hashrate":  307405126,
                    "workers":  3,
                    "estimate_current":  "0.00000217",
                    "estimate_last24h":  "0.00000280",
                    "actual_last24h":  0.002748785,
                    "hashrate_last24h":  271798355.8229
                },
    "lyra2z":  {
                   "name":  "lyra2z",
                   "port":  4553,
                   "coins":  7,
                   "fees":  0.1,
                   "hashrate":  0,
                   "workers":  0,
                   "estimate_current":  "0.00005393",
                   "estimate_last24h":  "0.00006566",
                   "actual_last24h":  0,
                   "hashrate_last24h":  2386.0938
               },
    "m7m":  {
                "name":  "m7m",
                "port":  6033,
                "coins":  1,
                "fees":  0.1,
                "hashrate":  0,
                "workers":  0,
                "estimate_current":  "0.00004154",
                "estimate_last24h":  "0.00010198",
                "actual_last24h":  0.0445,
                "hashrate_last24h":  0
            },
    "myr-gr":  {
                   "name":  "myr-gr",
                   "port":  5433,
                   "coins":  6,
                   "fees":  0.1,
                   "hashrate":  12900936433,
                   "workers":  1,
                   "estimate_current":  "0.00000005",
                   "estimate_last24h":  "0.00000006",
                   "actual_last24h":  3.993E-05,
                   "hashrate_last24h":  8593752340.7292
               },
    "neoscrypt":  {
                      "name":  "neoscrypt",
                      "port":  4233,
                      "coins":  39,
                      "fees":  0.1,
                      "hashrate":  860303564,
                      "workers":  269,
                      "estimate_current":  "0.00011282",
                      "estimate_last24h":  "0.00012446",
                      "actual_last24h":  0.097839929999999992,
                      "hashrate_last24h":  1158025862.5521
                  },
    "nist5":  {
                  "name":  "nist5",
                  "port":  3833,
                  "coins":  6,
                  "fees":  0.1,
                  "hashrate":  0,
                  "workers":  0,
                  "estimate_current":  "0.00000001",
                  "estimate_last24h":  "0.00000001",
                  "actual_last24h":  1E-05,
                  "hashrate_last24h":  0
              },
    "phi":  {
                "name":  "phi",
                "port":  8333,
                "coins":  1,
                "fees":  0.1,
                "hashrate":  0,
                "workers":  0,
                "estimate_current":  "0.00000297",
                "estimate_last24h":  "0.00000387",
                "actual_last24h":  0.00432,
                "hashrate_last24h":  0
            },
    "quark":  {
                  "name":  "quark",
                  "port":  4033,
                  "coins":  7,
                  "fees":  0.1,
                  "hashrate":  277487414541,
                  "workers":  23,
                  "estimate_current":  "0.00000011",
                  "estimate_last24h":  "0.00000007",
                  "actual_last24h":  0.00010111400000000001,
                  "hashrate_last24h":  131567866799.54
              },
    "qubit":  {
                  "name":  "qubit",
                  "port":  4733,
                  "coins":  3,
                  "fees":  0.1,
                  "hashrate":  57907612396,
                  "workers":  21,
                  "estimate_current":  "0.00000013",
                  "estimate_last24h":  "0.00000009",
                  "actual_last24h":  7.7654E-05,
                  "hashrate_last24h":  142923073135.43
              },
    "scrypt":  {
                   "name":  "scrypt",
                   "port":  3433,
                   "coins":  62,
                   "fees":  0.1,
                   "hashrate":  291634464151,
                   "workers":  573,
                   "estimate_current":  "0.00000074",
                   "estimate_last24h":  "0.00000076",
                   "actual_last24h":  0.0006496568,
                   "hashrate_last24h":  286046730660.61
               },
    "sha256":  {
                   "name":  "sha256",
                   "port":  3333,
                   "coins":  38,
                   "fees":  0.1,
                   "hashrate":  734026691266360,
                   "workers":  61,
                   "estimate_current":  "0.00000004",
                   "estimate_last24h":  "0.00000005",
                   "actual_last24h":  4.77944E-05,
                   "hashrate_last24h":  736108355094120
               },
    "sib":  {
                "name":  "sib",
                "port":  5033,
                "coins":  1,
                "fees":  0.1,
                "hashrate":  1313549891,
                "workers":  1,
                "estimate_current":  "0.00000032",
                "estimate_last24h":  "0.00000038",
                "actual_last24h":  0,
                "hashrate_last24h":  289476978
            },
    "skein":  {
                  "name":  "skein",
                  "port":  4933,
                  "coins":  14,
                  "fees":  0.1,
                  "hashrate":  85527344486,
                  "workers":  16,
                  "estimate_current":  "0.00000021",
                  "estimate_last24h":  "0.00000016",
                  "actual_last24h":  0.00014277160000000002,
                  "hashrate_last24h":  163568694596.14
              },
    "skunk":  {
                  "name":  "skunk",
                  "port":  8433,
                  "coins":  2,
                  "fees":  0.1,
                  "hashrate":  0,
                  "workers":  0,
                  "estimate_current":  "0.00000007",
                  "estimate_last24h":  "0.00000005",
                  "actual_last24h":  7.0000000000000184E-05,
                  "hashrate_last24h":  56251014.9063
              },
    "tribus":  {
                   "name":  "tribus",
                   "port":  8533,
                   "coins":  5,
                   "fees":  0.1,
                   "hashrate":  0,
                   "workers":  1,
                   "estimate_current":  "0.00000147",
                   "estimate_last24h":  "0.00000162",
                   "actual_last24h":  0.0017,
                   "hashrate_last24h":  0
               },
    "x11":  {
                "name":  "x11",
                "port":  3533,
                "coins":  54,
                "fees":  0.1,
                "hashrate":  14757645068009,
                "workers":  712,
                "estimate_current":  "0.00000002",
                "estimate_last24h":  "0.00000002",
                "actual_last24h":  2.06968E-05,
                "hashrate_last24h":  11063319900291
            },
    "x13":  {
                "name":  "x13",
                "port":  3633,
                "coins":  3,
                "fees":  0.1,
                "hashrate":  16096850231,
                "workers":  12,
                "estimate_current":  "0.00000026",
                "estimate_last24h":  "0.00000017",
                "actual_last24h":  0.00019362,
                "hashrate_last24h":  13655628997.104
            },
    "x16r":  {
                 "name":  "x16r",
                 "port":  3636,
                 "coins":  2,
                 "fees":  0.1,
                 "hashrate":  0,
                 "workers":  0,
                 "estimate_current":  "0.00002608",
                 "estimate_last24h":  "0.00002357",
                 "actual_last24h":  0.023620000000000002,
                 "hashrate_last24h":  0
             },
    "x16s":  {
                 "name":  "x16s",
                 "port":  3663,
                 "coins":  1,
                 "fees":  0.1,
                 "hashrate":  0,
                 "workers":  0,
                 "estimate_current":  "0.00000680",
                 "estimate_last24h":  "0.00000719",
                 "actual_last24h":  0.0068000000000000005,
                 "hashrate_last24h":  0
             },
    "x17":  {
                "name":  "x17",
                "port":  3737,
                "coins":  3,
                "fees":  0.1,
                "hashrate":  0,
                "workers":  0,
                "estimate_current":  "0.00001308",
                "estimate_last24h":  "0.00001205",
                "actual_last24h":  0,
                "hashrate_last24h":  644435.9792
            },
    "xevan":  {
                  "name":  "xevan",
                  "port":  3739,
                  "coins":  6,
                  "fees":  0.1,
                  "hashrate":  4695853,
                  "workers":  2,
                  "estimate_current":  "0.00002539",
                  "estimate_last24h":  "0.00002825",
                  "actual_last24h":  0.025211280000000006,
                  "hashrate_last24h":  4336855.0417
              },
    "yescrypt":  {
                     "name":  "yescrypt",
                     "port":  6233,
                     "coins":  4,
                     "fees":  0.1,
                     "hashrate":  0,
                     "workers":  0,
                     "estimate_current":  "0.00922684",
                     "estimate_last24h":  "0.00844700",
                     "actual_last24h":  7.83823,
                     "hashrate_last24h":  0
                 },
    "yescryptR16":  {
                        "name":  "yescryptR16",
                        "port":  6333,
                        "coins":  3,
                        "fees":  0.1,
                        "hashrate":  0,
                        "workers":  0,
                        "estimate_current":  "0.05404479",
                        "estimate_last24h":  "0.06447607",
                        "actual_last24h":  59.448620745599996,
                        "hashrate_last24h":  763.8958
                    }
}
